,Age,DailyRate,DistanceFromHome,Education,EmployeeCount,EmployeeNumber,EnvironmentSatisfaction,HourlyRate,JobInvolvement,JobLevel,JobSatisfaction,MonthlyIncome,MonthlyRate,NumCompaniesWorked,PercentSalaryHike,PerformanceRating,RelationshipSatisfaction,StandardHours,StockOptionLevel,TotalWorkingYears,TrainingTimesLastYear,WorkLifeBalance,YearsAtCompany,YearsInCurrentRole,YearsSinceLastPromotion,YearsWithCurrManager,BusinessTravel_Non-Travel,BusinessTravel_Travel_Frequently,BusinessTravel_Travel_Rarely,Department_Human Resources,Department_Research & Development,Department_Sales,EducationField_Human Resources,EducationField_Life Sciences,EducationField_Marketing,EducationField_Medical,EducationField_Other,EducationField_Technical Degree,Gender_Female,Gender_Male,JobRole_Healthcare Representative,JobRole_Human Resources,JobRole_Laboratory Technician,JobRole_Manager,JobRole_Manufacturing Director,JobRole_Research Director,JobRole_Research Scientist,JobRole_Sales Executive,JobRole_Sales Representative,MaritalStatus_Divorced,MaritalStatus_Married,MaritalStatus_Single,Over18_Y,OverTime_No,OverTime_Yes
442,36,635,10,4,1,592,2,32,3,3,4,9980,15318,1,14,3,4,80,0,10,3,2,10,3,9,7,1,0,0,0,0,1,0,0,0,1,0,0,0,1,0,0,0,0,0,0,0,1,0,0,0,1,1,1,0
1091,33,575,25,3,1,1545,4,44,2,2,2,4320,24152,1,13,3,4,80,0,5,2,3,5,3,0,2,0,0,1,0,1,0,0,1,0,0,0,0,0,1,0,0,0,0,1,0,0,0,0,0,0,1,1,1,0
981,35,662,18,4,1,1380,4,67,3,2,3,4614,23288,0,18,3,3,80,1,5,0,2,4,2,3,2,0,1,0,0,0,1,0,0,1,0,0,0,1,0,0,0,0,0,0,0,0,1,0,0,1,0,1,0,1
785,40,1492,20,4,1,1092,1,61,3,3,4,10322,26542,4,20,4,4,80,1,14,6,3,11,10,11,1,0,0,1,0,1,0,0,0,0,0,0,1,0,1,1,0,0,0,0,0,0,0,0,0,1,0,1,1,0
1332,29,459,24,2,1,1868,4,73,2,1,4,2439,14753,1,24,4,2,80,0,1,3,2,1,0,1,0,0,1,0,0,1,0,0,1,0,0,0,0,0,1,0,0,0,0,0,0,1,0,0,0,0,1,1,0,1
501,30,160,3,3,1,680,3,71,3,1,3,2083,22653,1,20,4,3,80,1,1,2,3,1,0,0,0,0,1,0,0,1,0,0,0,0,1,0,0,1,0,0,0,0,0,0,0,1,0,0,1,0,0,1,1,0
1058,34,790,24,4,1,1489,1,40,2,2,2,4599,7815,0,23,4,3,80,0,16,2,4,15,9,10,10,0,0,1,0,0,1,0,0,0,1,0,0,1,0,0,0,0,0,0,0,0,1,0,0,0,1,1,0,1
1253,33,1283,2,3,1,1756,4,62,3,2,2,5147,10697,8,15,3,4,80,0,13,2,2,11,7,1,7,1,0,0,0,0,1,0,0,1,0,0,0,1,0,0,0,0,0,0,0,0,1,0,0,0,1,1,1,0
751,50,145,1,3,1,1040,4,95,3,2,3,6347,24920,0,12,3,1,80,1,19,3,3,18,7,0,13,1,0,0,0,0,1,0,1,0,0,0,0,1,0,0,0,0,0,0,0,0,1,0,0,1,0,1,1,0
122,56,441,14,4,1,161,2,72,3,1,2,4963,4510,9,18,3,1,80,3,7,2,3,5,4,4,3,0,0,1,0,1,0,0,1,0,0,0,0,1,0,0,0,0,0,0,0,1,0,0,0,1,0,1,0,1
268,45,1385,20,2,1,372,3,79,3,4,4,13496,7501,0,14,3,2,80,0,21,2,3,20,7,4,10,0,0,1,0,1,0,0,0,0,1,0,0,0,1,1,0,0,0,0,0,0,0,0,0,1,0,1,0,1
940,39,360,23,3,1,1310,3,93,3,1,1,3904,22154,0,13,3,1,80,0,6,2,3,5,2,0,3,0,0,1,0,1,0,0,0,0,1,0,0,0,1,0,0,0,0,0,0,1,0,0,0,0,1,1,1,0
1125,29,995,2,1,1,1590,1,87,3,2,4,8853,24483,1,19,3,4,80,1,6,0,4,6,4,1,3,0,1,0,0,1,0,0,1,0,0,0,0,0,1,1,0,0,0,0,0,0,0,0,1,0,0,1,1,0
540,28,654,1,2,1,741,1,67,1,1,2,2216,3872,7,13,3,4,80,0,10,4,3,7,7,3,7,0,0,1,0,1,0,0,1,0,0,0,0,1,0,0,0,0,0,0,0,1,0,0,0,0,1,1,0,1
1034,45,1038,20,3,1,1460,2,95,1,3,1,10851,19863,2,18,3,2,80,1,24,2,3,7,7,0,7,0,0,1,0,1,0,0,0,0,1,0,0,0,1,1,0,0,0,0,0,0,0,0,1,0,0,1,0,1
432,34,1303,2,4,1,579,4,62,2,1,3,2768,8416,3,12,3,3,80,1,14,3,3,7,3,5,7,0,0,1,0,1,0,0,1,0,0,0,0,0,1,0,0,0,0,0,0,1,0,0,1,0,0,1,1,0
794,34,618,3,1,1,1103,1,45,3,2,4,7756,22266,0,17,3,3,80,0,7,1,2,6,2,0,4,0,1,0,0,1,0,0,1,0,0,0,0,0,1,1,0,0,0,0,0,0,0,0,0,0,1,1,1,0
666,22,617,3,1,1,926,2,34,3,2,3,4171,10022,0,19,3,1,80,1,4,3,4,3,2,0,2,0,0,1,0,1,0,0,1,0,0,0,0,1,0,0,0,0,0,1,0,0,0,0,0,1,0,1,0,1
942,36,325,10,4,1,1312,4,63,3,3,3,7094,5747,3,12,3,1,80,0,10,0,3,7,7,1,7,0,0,1,0,1,0,0,0,0,0,0,1,1,0,1,0,0,0,0,0,0,0,0,0,1,0,1,1,0
1114,48,1108,15,4,1,1576,3,65,3,1,1,2367,16530,8,12,3,4,80,1,10,3,2,8,2,7,6,0,0,1,0,1,0,0,0,0,0,1,0,1,0,0,0,0,0,0,0,1,0,0,0,1,0,1,1,0
853,19,645,9,2,1,1193,3,54,3,1,1,2552,7172,1,25,4,3,80,0,1,4,3,1,1,0,0,0,0,1,0,1,0,0,1,0,0,0,0,0,1,0,0,0,0,0,0,1,0,0,0,0,1,1,1,0
1330,43,823,6,3,1,1866,1,81,2,5,3,19392,22539,7,13,3,4,80,0,21,2,3,16,12,6,14,0,0,1,0,1,0,0,0,0,1,0,0,1,0,0,0,0,1,0,0,0,0,0,0,1,0,1,1,0
692,32,498,3,4,1,966,3,93,3,2,1,6725,13554,1,12,3,3,80,1,8,2,4,8,7,6,3,0,0,1,0,1,0,0,0,0,1,0,0,1,0,0,0,0,0,1,0,0,0,0,0,1,0,1,1,0
548,43,775,15,3,1,754,4,47,2,2,4,6804,23683,3,18,3,3,80,1,7,5,3,2,2,2,2,0,1,0,0,0,1,0,1,0,0,0,0,0,1,0,0,0,0,0,0,0,1,0,0,1,0,1,1,0
54,26,1443,23,3,1,72,3,47,2,2,4,4157,21436,7,19,3,3,80,1,5,2,2,2,2,0,0,0,0,1,0,0,1,0,0,1,0,0,0,1,0,0,0,0,0,0,0,0,1,0,0,1,0,1,0,1
319,32,588,8,2,1,436,3,65,2,2,2,5228,24624,1,11,3,4,80,0,13,2,3,13,12,11,9,0,0,1,0,0,1,0,0,0,0,0,1,1,0,0,0,0,0,0,0,0,1,0,0,1,0,1,0,1
1147,49,722,25,4,1,1617,3,84,3,1,1,3211,22102,1,14,3,4,80,1,10,3,2,9,6,1,4,0,0,1,0,1,0,0,1,0,0,0,0,1,0,0,0,1,0,0,0,0,0,0,0,1,0,1,1,0
1235,46,1277,2,3,1,1732,3,74,3,3,4,10368,5596,4,12,3,2,80,1,13,5,2,10,6,0,3,0,0,1,0,0,1,0,1,0,0,0,0,0,1,0,0,0,0,0,0,0,1,0,1,0,0,1,0,1
1436,21,501,5,1,1,2021,3,58,3,1,1,2380,25479,1,11,3,4,80,0,2,6,3,2,2,1,2,0,0,1,0,0,1,0,0,0,1,0,0,0,1,0,0,0,0,0,0,0,0,1,0,0,1,1,0,1
520,48,817,2,1,1,712,2,56,4,2,2,8120,18597,3,12,3,4,80,0,12,3,3,2,2,2,2,0,0,1,0,0,1,0,0,1,0,0,0,0,1,0,0,0,0,0,0,0,1,0,0,1,0,1,1,0
983,34,404,2,4,1,1383,3,98,3,2,4,6687,6163,1,11,3,4,80,0,14,2,4,14,11,4,11,0,0,1,0,1,0,0,0,0,0,0,1,1,0,1,0,0,0,0,0,0,0,0,0,0,1,1,1,0
1347,36,1213,2,1,1,1890,2,94,2,2,4,3886,4223,1,21,4,4,80,0,10,2,2,10,1,0,8,0,1,0,1,0,0,1,0,0,0,0,0,0,1,0,1,0,0,0,0,0,0,0,0,0,1,1,1,0
465,46,1034,18,1,1,624,1,86,3,3,3,10527,8984,5,11,3,4,80,0,28,3,2,2,2,1,2,0,1,0,0,1,0,0,0,0,1,0,0,1,0,1,0,0,0,0,0,0,0,0,0,1,0,1,1,0
966,58,601,7,4,1,1360,3,53,2,3,1,10008,12023,7,14,3,4,80,0,31,0,2,10,9,5,9,0,0,1,0,1,0,0,0,0,1,0,0,1,0,0,0,0,0,1,0,0,0,0,0,1,0,1,0,1
31,44,1459,10,4,1,40,4,41,3,2,4,6465,19121,2,13,3,4,80,0,9,5,4,4,2,1,3,0,0,1,0,1,0,0,0,0,0,1,0,0,1,1,0,0,0,0,0,0,0,0,0,1,0,1,0,1
420,29,986,3,4,1,564,2,93,2,3,3,11935,21526,1,18,3,3,80,0,10,2,3,10,2,0,7,0,0,1,0,1,0,0,0,0,1,0,0,0,1,0,0,0,0,0,1,0,0,0,0,1,0,1,1,0
1462,39,722,24,1,1,2056,2,60,2,4,4,12031,8828,0,11,3,1,80,1,21,2,2,20,9,9,6,0,0,1,0,0,1,0,0,1,0,0,0,1,0,0,0,0,0,0,0,0,1,0,0,1,0,1,1,0
1408,23,571,12,2,1,1982,4,78,3,1,4,2647,13672,1,13,3,3,80,0,5,6,4,5,2,1,4,0,0,1,0,1,0,0,0,0,0,1,0,0,1,0,0,1,0,0,0,0,0,0,0,0,1,1,1,0
89,46,669,9,2,1,118,3,64,2,3,4,9619,13596,1,16,3,4,80,0,9,3,3,9,8,4,7,0,0,1,0,0,1,0,0,0,1,0,0,0,1,0,0,0,0,0,0,0,1,0,0,0,1,1,1,0
298,36,566,18,4,1,407,3,81,4,1,4,3688,7122,4,18,3,4,80,2,4,2,3,1,0,0,0,0,1,0,0,1,0,0,1,0,0,0,0,0,1,0,0,1,0,0,0,0,0,0,0,1,0,1,1,0
875,44,200,29,4,1,1225,4,32,3,2,4,4541,7744,1,25,4,2,80,0,20,3,3,20,11,13,17,0,0,1,0,1,0,0,0,0,0,1,0,0,1,0,0,0,0,0,0,1,0,0,0,0,1,1,1,0
1385,34,1239,13,4,1,1951,4,39,3,3,3,8628,22914,1,18,3,3,80,1,9,2,2,8,7,1,1,0,0,1,0,0,1,0,0,0,1,0,0,0,1,0,0,0,0,0,0,0,1,0,1,0,0,1,1,0
1430,38,201,10,3,1,2015,2,99,1,3,3,13206,3376,3,12,3,1,80,1,20,3,3,18,16,1,11,0,0,1,0,1,0,0,0,0,1,0,0,1,0,0,0,0,0,0,1,0,0,0,0,1,0,1,1,0
223,38,119,3,3,1,307,1,76,3,3,3,10609,9647,0,12,3,3,80,2,17,6,2,16,10,5,13,0,0,1,0,0,1,0,1,0,0,0,0,0,1,0,0,0,0,0,0,0,1,0,1,0,0,1,1,0
1412,30,911,1,2,1,1989,4,76,3,1,2,3748,4077,1,13,3,3,80,0,12,6,2,12,8,1,7,0,0,1,0,1,0,0,0,0,1,0,0,0,1,0,0,1,0,0,0,0,0,0,0,1,0,1,1,0
1375,32,238,5,2,1,1939,1,47,4,1,3,2432,15318,3,14,3,1,80,0,8,2,3,4,1,0,3,0,1,0,0,1,0,0,1,0,0,0,0,1,0,0,0,0,0,0,0,1,0,0,0,0,1,1,0,1
4,27,591,2,1,1,7,1,40,3,1,2,3468,16632,9,12,3,4,80,1,6,3,3,2,2,2,2,0,0,1,0,1,0,0,0,0,1,0,0,0,1,0,0,1,0,0,0,0,0,0,0,1,0,1,1,0
1174,25,772,2,1,1,1653,4,77,4,2,3,5206,4973,1,17,3,3,80,2,7,6,3,7,7,0,7,0,1,0,0,1,0,0,1,0,0,0,0,0,1,0,0,0,0,1,0,0,0,0,1,0,0,1,1,0
892,19,504,10,3,1,1248,1,96,2,1,2,1859,6148,1,25,4,2,80,0,1,2,4,1,1,0,0,1,0,0,0,1,0,0,0,0,1,0,0,1,0,0,0,0,0,0,0,1,0,0,0,0,1,1,0,1
34,24,813,1,3,1,45,2,61,3,1,4,2293,3020,2,16,3,1,80,1,6,2,2,2,0,2,0,0,0,1,0,1,0,0,0,0,1,0,0,0,1,0,0,0,0,0,0,1,0,0,0,1,0,1,0,1
1310,58,1216,15,4,1,1837,1,87,3,4,3,15787,21624,2,14,3,2,80,0,23,3,3,2,2,2,2,0,1,0,0,1,0,0,1,0,0,0,0,0,1,0,0,0,0,0,1,0,0,0,0,1,0,1,0,1
182,41,1356,20,2,1,248,2,70,3,1,2,3140,21728,1,22,4,4,80,0,4,5,2,4,3,0,2,0,0,1,0,0,1,0,0,1,0,0,0,1,0,0,0,0,0,0,0,0,0,1,0,0,1,1,0,1
467,37,142,9,4,1,626,1,69,3,3,2,8834,24666,1,13,3,4,80,1,9,6,3,9,5,7,7,1,0,0,0,0,1,0,0,0,1,0,0,0,1,0,0,0,0,0,0,0,1,0,1,0,0,1,1,0
52,44,1488,1,5,1,68,2,75,3,2,1,5454,4009,5,21,4,3,80,1,9,2,2,4,3,1,3,0,0,1,0,0,1,0,0,1,0,0,0,1,0,0,0,0,0,0,0,0,1,0,1,0,0,1,0,1
1032,39,592,2,3,1,1458,1,54,2,1,1,3646,17181,2,23,4,2,80,0,11,2,4,1,0,0,0,1,0,0,0,1,0,0,1,0,0,0,0,1,0,0,0,1,0,0,0,0,0,0,0,0,1,1,0,1
142,38,364,3,5,1,193,4,32,3,2,3,4317,2302,3,20,4,2,80,0,19,2,3,3,2,2,2,0,0,1,0,1,0,0,0,0,0,0,1,1,0,0,0,0,0,0,0,1,0,0,0,0,1,1,0,1
1440,36,688,4,2,1,2025,4,97,3,2,2,5131,9192,7,13,3,2,80,3,18,3,3,4,2,0,2,0,1,0,0,1,0,0,1,0,0,0,0,1,0,0,0,0,0,1,0,0,0,0,1,0,0,1,1,0
528,50,562,8,2,1,723,2,50,3,2,3,6796,23452,3,14,3,1,80,1,18,4,3,4,3,1,3,0,1,0,0,0,1,0,0,0,0,0,1,0,1,0,0,0,0,0,0,0,1,0,0,1,0,1,0,1
629,28,1169,8,2,1,869,2,63,2,1,4,4936,23965,1,13,3,4,80,1,6,6,3,5,1,0,4,0,0,1,1,0,0,0,0,0,1,0,0,0,1,0,1,0,0,0,0,0,0,0,1,0,0,1,1,0
1051,44,383,1,5,1,1481,1,79,3,2,3,4768,9282,7,12,3,3,80,1,11,4,2,1,0,0,0,0,1,0,0,0,1,0,0,1,0,0,0,1,0,0,0,0,0,0,0,0,1,0,0,1,0,1,1,0
1269,43,244,2,3,1,1778,2,97,3,1,4,3539,5033,0,13,3,2,80,0,10,5,3,9,7,1,8,0,0,1,1,0,0,0,1,0,0,0,0,0,1,0,1,0,0,0,0,0,0,0,0,0,1,1,1,0
993,25,1372,18,1,1,1399,1,93,4,2,3,6232,12477,2,11,3,2,80,0,6,3,2,3,2,1,2,0,0,1,0,0,1,0,1,0,0,0,0,0,1,0,0,0,0,0,0,0,1,0,0,1,0,1,1,0
526,39,408,2,4,1,721,4,80,2,2,3,4553,20978,1,11,3,1,80,0,20,4,3,20,7,11,10,0,0,1,0,1,0,0,0,0,0,0,1,1,0,1,0,0,0,0,0,0,0,0,0,0,1,1,1,0
278,26,1479,1,3,1,384,3,84,3,2,2,6397,26767,1,20,4,1,80,1,6,6,1,6,5,1,4,0,1,0,0,1,0,0,1,0,0,0,0,1,0,0,0,0,0,1,0,0,0,0,1,0,0,1,1,0
887,42,458,26,5,1,1242,1,60,3,3,1,13191,23281,3,17,3,3,80,0,20,6,3,1,0,0,0,0,1,0,0,1,0,0,0,0,1,0,0,1,0,0,0,0,0,0,1,0,0,0,0,1,0,1,0,1
1275,51,942,3,3,1,1786,1,53,3,3,3,13116,22984,2,11,3,4,80,0,15,2,3,2,2,2,2,0,0,1,0,1,0,0,0,0,0,0,1,1,0,0,0,0,1,0,0,0,0,0,0,1,0,1,1,0
667,41,1085,2,4,1,927,2,57,1,1,4,2778,17725,4,13,3,3,80,1,10,1,2,7,7,1,0,0,0,1,0,1,0,0,1,0,0,0,0,1,0,0,0,1,0,0,0,0,0,0,1,0,0,1,0,1
792,33,827,29,4,1,1101,1,54,2,2,3,4508,3129,1,22,4,2,80,0,14,4,3,13,7,3,8,0,1,0,0,1,0,0,0,0,1,0,0,1,0,0,0,0,0,0,0,1,0,0,0,0,1,1,1,0
148,41,933,9,4,1,200,3,94,3,1,1,2238,6961,2,21,4,4,80,1,7,2,3,5,0,1,4,0,0,1,0,1,0,0,1,0,0,0,0,0,1,0,0,1,0,0,0,0,0,0,0,1,0,1,1,0
1039,34,1107,9,4,1,1467,1,52,3,1,3,2742,3072,1,15,3,4,80,0,2,0,3,2,2,2,2,0,0,1,1,0,0,0,0,0,0,0,1,1,0,0,1,0,0,0,0,0,0,0,0,1,0,1,1,0
1414,47,1180,25,3,1,1993,1,84,3,3,3,8633,13084,2,23,4,2,80,0,25,3,3,17,14,12,11,0,0,1,0,1,0,0,0,0,1,0,0,0,1,1,0,0,0,0,0,0,0,0,0,0,1,1,1,0
474,24,691,23,3,1,639,2,89,4,1,4,2725,21630,1,11,3,2,80,2,6,3,3,6,5,1,4,0,0,1,0,1,0,0,0,0,1,0,0,0,1,0,0,0,0,0,0,1,0,0,0,1,0,1,0,1
1341,31,311,20,3,1,1881,2,89,3,2,3,4197,18624,1,11,3,1,80,1,10,2,3,10,8,0,2,0,0,1,0,1,0,0,1,0,0,0,0,0,1,0,0,1,0,0,0,0,0,0,1,0,0,1,1,0
1158,37,671,19,3,1,1631,3,85,3,2,3,5768,26493,3,17,3,1,80,3,9,2,2,4,3,0,2,0,0,1,0,1,0,0,1,0,0,0,0,0,1,0,0,0,0,1,0,0,0,0,0,1,0,1,1,0
393,34,1381,4,4,1,523,3,72,3,2,3,6538,12740,9,15,3,1,80,1,6,3,3,3,2,1,2,1,0,0,0,0,1,0,0,1,0,0,0,1,0,0,0,0,0,0,0,0,1,0,0,1,0,1,1,0
965,25,882,19,1,1,1358,4,67,3,1,4,3669,9075,3,11,3,3,80,3,7,6,2,3,2,1,2,0,0,1,0,1,0,0,0,0,1,0,0,0,1,0,0,1,0,0,0,0,0,0,0,1,0,1,1,0
1397,54,155,9,2,1,1969,1,67,3,2,3,2897,22474,3,11,3,3,80,2,9,6,2,4,3,2,3,0,0,1,0,1,0,0,1,0,0,0,0,1,0,0,0,0,0,0,0,1,0,0,0,1,0,1,1,0
743,59,715,2,3,1,1032,3,69,2,4,4,13726,21829,3,13,3,1,80,0,30,4,3,5,3,4,3,0,0,1,0,1,0,0,1,0,0,0,0,1,0,0,0,0,0,1,0,0,0,0,0,0,1,1,0,1
980,31,703,2,3,1,1379,3,90,2,1,4,2785,11882,7,14,3,3,80,0,3,3,4,1,0,0,0,0,1,0,0,0,1,0,1,0,0,0,0,1,0,0,0,0,0,0,0,0,0,1,0,0,1,1,1,0
1410,40,444,2,2,1,1986,2,92,3,2,2,5677,4258,3,14,3,3,80,1,15,4,3,11,8,5,10,0,0,1,0,0,1,0,0,1,0,0,0,1,0,0,0,0,0,0,0,0,1,0,0,1,0,1,1,0
916,46,168,4,2,1,1280,4,33,2,5,2,18789,9946,2,14,3,3,80,1,26,2,3,11,4,0,8,0,0,1,0,0,1,0,0,1,0,0,0,1,0,0,0,0,1,0,0,0,0,0,0,1,0,1,1,0
1300,34,810,8,2,1,1823,2,92,4,2,3,6799,22128,1,21,4,3,80,2,10,5,3,10,8,4,8,0,0,1,0,0,1,0,0,0,0,0,1,0,1,0,0,0,0,0,0,0,1,0,0,1,0,1,1,0
642,38,395,9,3,1,893,2,98,2,1,2,2899,12102,0,19,3,4,80,1,3,3,3,2,2,1,2,0,0,1,0,0,1,0,0,1,0,0,0,0,1,0,0,0,0,0,0,0,0,1,0,1,0,1,1,0
1064,30,330,1,3,1,1499,3,46,3,1,3,2064,15428,0,21,4,1,80,1,6,3,4,5,3,1,3,0,0,1,1,0,0,0,1,0,0,0,0,0,1,0,1,0,0,0,0,0,0,0,1,0,0,1,1,0
1318,29,574,20,1,1,1852,4,40,3,1,4,3812,7003,1,13,3,2,80,0,11,3,4,11,8,3,10,0,1,0,0,1,0,0,0,0,1,0,0,0,1,0,0,1,0,0,0,0,0,0,0,1,0,1,1,0
1247,31,1003,5,3,1,1749,1,51,3,2,3,8346,20943,1,19,3,3,80,1,6,3,3,5,2,0,2,0,0,1,0,0,1,0,0,0,0,0,1,0,1,0,0,0,0,0,0,0,1,0,0,1,0,1,1,0
187,55,692,14,4,1,254,3,61,4,5,2,18722,13339,8,11,3,4,80,0,36,3,3,24,15,2,15,0,0,1,0,1,0,0,0,0,1,0,0,0,1,0,0,0,0,0,1,0,0,0,0,0,1,1,1,0
1023,56,1255,1,2,1,1441,1,90,3,1,1,2066,10494,2,22,4,4,80,1,5,3,4,3,2,1,0,0,0,1,0,1,0,0,1,0,0,0,0,1,0,0,0,0,0,0,0,1,0,0,0,1,0,1,1,0
1183,36,1040,3,2,1,1664,4,79,4,2,1,6842,26308,6,20,4,1,80,1,13,3,3,5,4,0,4,0,0,1,0,1,0,0,1,0,0,0,0,0,1,1,0,0,0,0,0,0,0,0,1,0,0,1,1,0
1073,28,1083,29,1,1,1514,3,96,1,2,2,6549,3173,1,14,3,2,80,2,8,2,2,8,6,1,7,0,0,1,0,1,0,0,1,0,0,0,0,0,1,0,0,0,0,1,0,0,0,0,0,1,0,1,1,0
1311,18,1431,14,3,1,1839,2,33,3,1,3,1514,8018,1,16,3,3,80,0,0,4,1,0,0,0,0,1,0,0,0,1,0,0,0,0,1,0,0,1,0,0,0,0,0,0,0,1,0,0,0,0,1,1,1,0
9,36,1299,27,3,1,13,3,94,3,2,3,5237,16577,6,13,3,2,80,2,17,3,2,7,7,7,7,0,0,1,0,1,0,0,0,0,1,0,0,0,1,1,0,0,0,0,0,0,0,0,0,1,0,1,1,0
1019,36,329,16,4,1,1436,3,98,2,2,1,5647,13494,4,13,3,1,80,2,11,3,2,3,2,0,2,0,0,1,0,0,1,0,0,1,0,0,0,1,0,0,0,0,0,0,0,0,1,0,0,1,0,1,1,0
1180,36,311,7,3,1,1659,1,77,3,1,2,2013,10950,2,11,3,3,80,0,15,4,3,4,3,1,3,0,0,1,0,1,0,0,1,0,0,0,0,0,1,0,0,1,0,0,0,0,0,0,0,0,1,1,1,0
1405,31,697,10,3,1,1979,3,40,3,3,3,11031,26862,4,20,4,3,80,1,13,2,4,11,7,4,8,1,0,0,0,1,0,0,0,0,1,0,0,1,0,0,0,0,0,0,1,0,0,0,0,1,0,1,1,0
1120,38,437,16,3,1,1583,2,90,3,2,2,4198,16379,2,12,3,2,80,0,8,5,4,3,2,1,2,0,0,1,0,0,1,0,1,0,0,0,0,1,0,0,0,0,0,0,0,0,1,0,0,0,1,1,1,0
483,35,538,25,2,1,652,1,54,2,2,4,3681,14004,4,14,3,4,80,0,9,3,3,3,2,0,2,0,0,1,0,1,0,0,0,0,0,1,0,0,1,0,0,1,0,0,0,0,0,0,0,0,1,1,1,0
310,31,106,2,3,1,424,1,62,2,2,1,6410,17822,3,12,3,4,80,0,9,1,3,2,2,1,0,0,0,1,1,0,0,1,0,0,0,0,0,0,1,0,1,0,0,0,0,0,0,0,0,1,0,1,1,0
722,38,1391,10,1,1,1006,3,66,3,1,3,2684,12127,0,17,3,2,80,1,3,0,2,2,1,0,2,0,1,0,0,1,0,0,0,0,1,0,0,0,1,0,0,0,0,0,0,1,0,0,0,1,0,1,1,0
5,32,1005,2,2,1,8,4,79,3,1,4,3068,11864,0,13,3,3,80,0,8,2,2,7,7,3,6,0,1,0,0,1,0,0,1,0,0,0,0,0,1,0,0,1,0,0,0,0,0,0,0,0,1,1,1,0
482,31,1365,13,4,1,650,2,46,3,2,1,4233,11512,2,17,3,3,80,0,9,2,1,3,1,1,2,0,0,1,0,0,1,0,0,0,1,0,0,0,1,0,0,0,0,0,0,0,1,0,1,0,0,1,1,0
204,38,1180,29,1,1,282,2,70,3,2,1,6673,11354,7,19,3,2,80,0,17,2,3,1,0,0,0,0,0,1,0,1,0,0,0,0,1,0,0,0,1,1,0,0,0,0,0,0,0,0,0,1,0,1,0,1
1086,50,333,22,5,1,1539,3,88,1,4,4,14411,24450,1,13,3,4,80,0,32,2,3,32,6,13,9,0,1,0,0,1,0,0,0,0,1,0,0,0,1,0,0,0,0,0,1,0,0,0,0,0,1,1,0,1
376,51,1178,14,2,1,500,3,87,3,2,4,4936,14862,4,11,3,3,80,1,18,2,2,7,7,0,7,0,0,1,0,0,1,0,1,0,0,0,0,1,0,0,0,0,0,0,0,0,1,0,0,1,0,1,1,0
740,35,802,10,3,1,1028,2,45,3,1,4,3917,9541,1,20,4,1,80,1,3,4,2,3,2,1,2,0,0,1,0,1,0,0,0,0,0,1,0,0,1,0,0,1,0,0,0,0,0,0,1,0,0,1,1,0
299,51,1302,2,3,1,408,4,84,1,2,2,5482,16321,5,18,3,4,80,1,13,3,3,4,1,1,2,0,0,1,0,1,0,0,0,0,1,0,0,0,1,0,0,0,0,1,0,0,0,0,1,0,0,1,1,0
1218,41,918,6,3,1,1708,4,35,3,3,3,9241,15869,1,12,3,2,80,0,10,3,3,10,8,8,7,0,0,1,0,0,1,0,0,1,0,0,0,0,1,0,0,0,0,0,0,0,1,0,0,0,1,1,1,0
546,29,1396,10,3,1,749,3,99,3,1,3,2642,2755,1,11,3,3,80,0,1,6,3,1,0,0,0,0,0,1,0,0,1,0,1,0,0,0,0,0,1,0,0,0,0,0,0,0,0,1,0,0,1,1,1,0
1434,52,585,29,4,1,2019,1,40,3,1,4,3482,19788,2,15,3,2,80,2,16,3,2,9,8,0,0,1,0,0,0,0,1,0,1,0,0,0,0,0,1,0,0,0,0,0,0,0,0,1,1,0,0,1,1,0
1400,38,1444,1,4,1,1972,4,88,3,1,2,2991,5224,0,11,3,2,80,1,7,2,3,6,2,1,2,0,1,0,1,0,0,0,0,0,0,1,0,0,1,0,1,0,0,0,0,0,0,0,0,1,0,1,0,1
302,28,1476,16,2,1,412,2,68,4,2,1,5661,4824,0,19,3,3,80,0,9,2,3,8,3,0,7,0,0,1,0,1,0,0,0,0,1,0,0,0,1,1,0,0,0,0,0,0,0,0,0,0,1,1,1,0
1096,40,898,6,2,1,1550,3,38,3,4,4,16437,17381,1,21,4,4,80,0,21,2,3,21,7,7,7,0,0,1,1,0,0,0,0,0,1,0,0,0,1,0,0,0,1,0,0,0,0,0,0,0,1,1,0,1
360,57,593,1,4,1,482,4,88,3,2,3,6755,2967,2,11,3,3,80,0,15,2,3,3,2,1,2,0,0,1,0,1,0,0,0,0,1,0,0,0,1,1,0,0,0,0,0,0,0,0,0,1,0,1,1,0
1131,34,653,10,4,1,1597,4,92,2,2,3,5063,15332,1,14,3,2,80,1,8,3,2,8,2,7,7,0,1,0,0,1,0,0,0,0,0,0,1,0,1,1,0,0,0,0,0,0,0,0,0,1,0,1,1,0
191,27,894,9,3,1,260,4,99,3,1,2,2279,11781,1,16,3,4,80,0,7,2,2,7,7,0,3,0,0,1,0,1,0,0,0,0,1,0,0,1,0,0,0,0,0,0,0,1,0,0,0,0,1,1,1,0
315,43,185,10,4,1,430,3,33,3,1,4,2455,10675,0,19,3,1,80,0,9,5,3,8,7,1,7,0,1,0,0,1,0,0,1,0,0,0,0,1,0,0,0,1,0,0,0,0,0,0,0,0,1,1,1,0
211,30,829,1,1,1,292,3,88,2,3,3,8474,20925,1,22,4,3,80,0,12,2,3,11,8,5,8,1,0,0,0,1,0,0,1,0,0,0,0,0,1,0,0,0,0,1,0,0,0,0,0,0,1,1,1,0
215,41,896,6,3,1,298,4,75,3,3,4,13591,14674,3,18,3,3,80,0,16,3,3,1,0,0,0,0,0,1,0,0,1,0,1,0,0,0,0,1,0,0,0,0,1,0,0,0,0,0,0,0,1,1,0,1
279,50,797,4,1,1,385,1,96,3,5,2,19144,15815,3,14,3,1,80,2,28,4,2,10,4,1,6,0,0,1,0,1,0,0,1,0,0,0,0,0,1,0,0,0,0,0,1,0,0,0,1,0,0,1,1,0
1179,34,1130,3,3,1,1658,4,66,3,2,2,5433,19332,1,12,3,3,80,1,11,2,3,11,8,7,9,0,0,1,0,1,0,0,1,0,0,0,0,1,0,0,0,0,0,0,0,1,0,0,1,0,0,1,1,0
141,45,1316,29,3,1,192,3,83,3,1,4,3452,9752,5,13,3,2,80,0,9,2,2,6,5,0,3,0,0,1,0,1,0,0,0,0,1,0,0,0,1,0,0,0,0,0,0,1,0,0,0,0,1,1,1,0
1227,31,741,2,4,1,1721,2,69,3,1,3,3477,18103,1,14,3,4,80,1,6,2,4,5,2,0,3,0,0,1,0,1,0,0,1,0,0,0,0,0,1,0,0,1,0,0,0,0,0,0,0,1,0,1,1,0
641,32,379,5,2,1,889,2,48,3,2,2,6524,8891,1,14,3,4,80,1,10,3,3,10,8,5,3,0,1,0,0,0,1,0,1,0,0,0,0,0,1,0,0,0,0,0,0,0,1,0,0,1,0,1,1,0
14,28,103,24,3,1,19,3,50,2,1,3,2028,12947,5,14,3,2,80,0,6,4,3,4,2,0,3,0,0,1,0,1,0,0,1,0,0,0,0,0,1,0,0,1,0,0,0,0,0,0,0,0,1,1,0,1
82,55,111,1,2,1,106,1,70,3,3,4,10239,18092,3,14,3,4,80,1,24,4,3,1,0,1,0,0,0,1,0,0,1,0,1,0,0,0,0,0,1,0,0,0,0,0,0,0,1,0,0,1,0,1,1,0
1301,58,350,2,3,1,1824,2,52,3,4,2,16291,22577,4,22,4,4,80,1,37,0,2,16,9,14,14,1,0,0,0,0,1,0,0,0,1,0,0,0,1,0,0,0,1,0,0,0,0,0,1,0,0,1,1,0
787,55,1091,2,1,1,1096,4,65,3,3,2,10976,15813,3,18,3,2,80,1,23,4,3,3,2,1,2,0,1,0,0,1,0,0,1,0,0,0,0,0,1,0,0,0,0,1,0,0,0,0,0,1,0,1,1,0
583,34,1111,8,2,1,808,3,93,3,2,1,6500,13305,5,17,3,2,80,1,6,1,3,3,2,1,2,0,0,1,0,0,1,0,1,0,0,0,0,1,0,0,0,0,0,0,0,0,1,0,0,1,0,1,1,0
333,43,1001,7,3,1,451,3,43,3,3,1,9985,9262,8,16,3,1,80,1,10,1,2,1,0,0,0,0,0,1,0,1,0,0,1,0,0,0,0,1,0,1,0,0,0,0,0,0,0,0,0,1,0,1,1,0
610,27,269,5,1,1,844,3,42,2,3,4,12808,8842,1,16,3,2,80,1,9,3,3,9,8,0,8,0,0,1,0,1,0,0,0,0,0,0,1,0,1,0,0,0,0,0,1,0,0,0,1,0,0,1,0,1
390,43,982,12,3,1,520,1,59,2,4,2,14336,4345,1,11,3,3,80,1,25,3,3,25,10,3,9,0,0,1,0,1,0,0,1,0,0,0,0,0,1,0,0,0,0,0,1,0,0,0,1,0,0,1,1,0
1083,40,676,9,4,1,1534,4,86,3,1,1,2018,21831,3,14,3,2,80,0,15,3,1,5,4,1,0,0,0,1,0,1,0,0,1,0,0,0,0,0,1,0,0,1,0,0,0,0,0,0,0,0,1,1,1,0
2,37,1373,2,2,1,4,4,92,2,1,3,2090,2396,6,15,3,2,80,0,7,3,3,0,0,0,0,0,0,1,0,1,0,0,0,0,0,1,0,0,1,0,0,1,0,0,0,0,0,0,0,0,1,1,0,1
554,27,975,7,3,1,764,4,55,2,2,1,6811,23398,8,19,3,1,80,0,9,2,1,7,6,0,7,0,0,1,0,1,0,0,0,0,1,0,0,1,0,1,0,0,0,0,0,0,0,0,0,0,1,1,1,0
85,56,1400,7,3,1,112,4,49,1,3,4,7260,21698,4,11,3,1,80,0,37,3,2,6,4,0,2,0,0,1,0,1,0,0,1,0,0,0,0,0,1,0,0,0,0,1,0,0,0,0,0,0,1,1,1,0
995,43,930,6,3,1,1402,1,73,2,2,3,4081,20003,1,14,3,1,80,0,20,3,1,20,7,1,8,0,0,1,0,1,0,0,0,0,1,0,0,1,0,0,0,0,0,0,0,1,0,0,0,0,1,1,0,1
107,25,240,5,3,1,142,3,46,2,2,3,5744,26959,1,11,3,4,80,0,6,1,3,6,4,0,3,0,0,1,0,0,1,0,0,1,0,0,0,0,1,0,0,0,0,0,0,0,1,0,0,0,1,1,0,1
930,51,968,6,2,1,1297,2,40,2,1,3,2838,4257,0,14,3,2,80,0,8,6,2,7,0,7,7,0,1,0,0,1,0,0,0,0,1,0,0,1,0,0,0,1,0,0,0,0,0,0,0,0,1,1,1,0
1306,31,1125,7,4,1,1833,1,68,3,3,1,9637,8277,2,14,3,4,80,2,9,3,3,3,2,2,2,0,1,0,0,0,1,0,0,1,0,0,0,1,0,0,0,0,0,0,0,0,1,0,0,1,0,1,1,0
1308,38,723,2,4,1,1835,2,77,1,2,4,5405,4244,2,20,4,1,80,2,20,4,2,4,2,0,3,0,0,1,0,0,1,0,0,1,0,0,0,1,0,0,0,0,0,0,0,0,0,1,0,1,0,1,0,1
489,43,782,6,4,1,661,2,50,2,4,4,16627,2671,4,14,3,3,80,1,21,3,2,1,0,0,0,0,0,1,0,1,0,0,0,0,0,1,0,0,1,0,0,0,0,0,1,0,0,0,1,0,0,1,0,1
361,40,1171,10,4,1,483,4,46,4,1,3,2213,22495,3,13,3,3,80,1,10,3,3,7,7,1,7,0,0,1,0,1,0,0,1,0,0,0,0,1,0,0,0,1,0,0,0,0,0,0,0,1,0,1,0,1
1090,29,441,8,1,1,1544,3,39,1,2,1,9715,7288,3,13,3,3,80,1,9,3,3,7,7,0,7,0,0,1,0,1,0,0,0,0,0,1,0,1,0,1,0,0,0,0,0,0,0,0,0,1,0,1,1,0
80,30,852,1,1,1,104,4,55,2,2,4,5126,15998,1,12,3,3,80,2,10,1,2,10,8,3,0,0,0,1,0,1,0,0,1,0,0,0,0,0,1,0,0,1,0,0,0,0,0,0,0,1,0,1,0,1
152,53,1436,6,2,1,205,2,34,3,2,3,2306,16047,2,20,4,4,80,1,13,3,1,7,7,4,5,0,0,1,0,0,1,0,0,1,0,0,0,0,1,0,0,0,0,0,0,0,0,1,0,1,0,1,0,1
1452,50,878,1,4,1,2044,2,94,3,2,3,6728,14255,7,12,3,4,80,2,12,3,3,6,3,0,1,0,1,0,0,0,1,0,1,0,0,0,0,0,1,0,0,0,0,0,0,0,1,0,1,0,0,1,1,0
1093,42,288,2,3,1,1547,4,40,3,3,4,10124,18611,2,14,3,3,80,1,24,3,1,20,8,13,9,0,1,0,0,1,0,0,1,0,0,0,0,0,1,1,0,0,0,0,0,0,0,0,0,1,0,1,0,1
231,42,532,4,2,1,319,3,58,3,5,4,19232,4933,1,11,3,4,80,0,22,3,3,22,17,11,15,0,0,1,0,1,0,0,0,0,0,0,1,0,1,0,0,0,1,0,0,0,0,0,0,1,0,1,1,0
693,36,530,3,1,1,967,3,51,2,3,4,10325,5518,1,11,3,1,80,1,16,6,3,16,7,3,7,0,0,1,0,0,1,0,1,0,0,0,0,0,1,0,0,0,0,0,0,0,1,0,0,1,0,1,0,1
96,24,1353,3,2,1,128,1,33,3,2,3,4999,17519,0,21,4,1,80,1,4,2,2,3,2,0,2,0,0,1,0,0,1,0,0,0,0,1,0,1,0,0,0,0,0,0,0,0,1,0,0,1,0,1,1,0
224,31,979,1,4,1,308,3,90,1,2,3,4345,4381,0,12,3,4,80,1,6,2,3,5,4,1,4,1,0,0,0,1,0,0,0,0,1,0,0,0,1,0,0,0,0,1,0,0,0,0,0,1,0,1,1,0
948,30,634,17,4,1,1321,2,95,3,3,1,11916,25927,1,23,4,4,80,2,9,2,3,9,1,0,8,0,0,1,0,1,0,0,0,0,1,0,0,1,0,0,0,0,1,0,0,0,0,0,0,1,0,1,0,1
1015,34,560,1,4,1,1431,4,91,3,1,1,2996,20284,5,14,3,3,80,2,10,2,3,4,3,1,3,0,1,0,0,1,0,0,0,0,0,1,0,0,1,0,0,0,0,0,0,1,0,0,1,0,0,1,1,0
913,45,1449,2,3,1,1277,1,94,1,5,2,18824,2493,2,16,3,1,80,0,26,2,3,24,10,1,11,0,0,1,0,0,1,0,0,1,0,0,0,1,0,0,0,0,1,0,0,0,0,0,0,0,1,1,0,1
445,55,1117,18,5,1,597,1,83,3,4,2,16835,9873,3,23,4,4,80,0,37,2,3,10,9,7,7,0,0,1,0,0,1,0,1,0,0,0,0,1,0,0,0,0,1,0,0,0,0,0,0,0,1,1,1,0
1,49,279,8,1,1,2,3,61,2,2,2,5130,24907,1,23,4,4,80,1,10,3,3,10,7,1,7,0,1,0,0,1,0,0,1,0,0,0,0,0,1,0,0,0,0,0,0,1,0,0,0,1,0,1,1,0
425,50,1099,29,4,1,569,2,88,2,4,3,17046,9314,0,15,3,2,80,1,28,2,3,27,10,15,7,0,0,1,0,1,0,0,1,0,0,0,0,0,1,0,0,0,1,0,0,0,0,0,0,1,0,1,1,0
159,34,303,2,4,1,216,3,75,3,1,3,2231,11314,6,18,3,4,80,1,6,3,3,4,3,1,2,0,1,0,0,0,1,0,0,1,0,0,0,1,0,0,0,0,0,0,0,0,0,1,0,1,0,1,1,0
1210,33,267,21,3,1,1698,2,79,4,1,2,2028,13637,1,18,3,4,80,3,14,6,3,14,11,2,13,0,0,1,0,1,0,0,0,0,1,0,0,0,1,0,0,1,0,0,0,0,0,0,0,1,0,1,1,0
227,29,1413,1,1,1,312,2,42,3,3,4,7918,6599,1,14,3,4,80,1,11,5,3,11,10,4,1,0,1,0,0,0,1,0,0,0,1,0,0,1,0,0,0,0,0,0,0,0,1,0,0,1,0,1,1,0
838,42,481,12,3,1,1167,3,44,3,4,1,13758,2447,0,12,3,2,80,0,22,2,2,21,9,13,14,0,1,0,0,0,1,0,1,0,0,0,0,0,1,0,0,0,0,0,0,0,1,0,0,0,1,1,0,1
1416,38,1321,1,4,1,1995,4,86,3,2,2,4440,7636,0,15,3,1,80,2,16,3,3,15,13,5,8,0,0,1,0,0,1,0,1,0,0,0,0,0,1,0,0,0,0,0,0,0,1,0,0,1,0,1,1,0
161,27,691,9,3,1,218,4,57,3,1,2,2024,5970,6,18,3,4,80,1,6,1,1,2,2,2,2,1,0,0,0,1,0,0,0,0,1,0,0,0,1,0,0,0,0,0,0,1,0,0,1,0,0,1,1,0
656,32,374,25,4,1,911,1,87,3,1,4,2795,18016,1,24,4,3,80,0,1,2,1,1,0,0,1,0,0,1,0,1,0,0,1,0,0,0,0,0,1,0,0,1,0,0,0,0,0,0,0,0,1,1,0,1
308,58,390,1,4,1,422,4,32,1,2,3,5660,17056,2,13,3,4,80,1,12,2,3,5,3,1,2,1,0,0,0,1,0,0,1,0,0,0,0,0,1,1,0,0,0,0,0,0,0,0,1,0,0,1,0,1
253,42,916,17,2,1,347,4,82,4,2,1,6545,23016,3,13,3,3,80,0,10,1,3,3,2,0,2,0,0,1,0,1,0,0,1,0,0,0,0,1,0,0,0,0,0,0,0,1,0,0,0,0,1,1,0,1
1084,34,971,1,3,1,1535,4,64,2,3,3,7083,12288,1,14,3,4,80,0,10,3,3,10,9,8,6,0,0,1,0,0,1,0,0,0,0,0,1,0,1,0,0,0,0,0,0,0,1,0,0,1,0,1,0,1
113,24,1127,18,1,1,150,2,52,3,1,3,2774,13257,0,12,3,3,80,1,6,2,3,5,3,1,2,0,0,1,0,1,0,0,1,0,0,0,0,0,1,0,0,1,0,0,0,0,0,0,0,1,0,1,1,0
1292,39,766,20,3,1,1812,3,83,3,2,4,4127,19188,2,18,3,4,80,1,7,6,3,2,1,2,2,0,1,0,0,0,1,0,1,0,0,0,0,0,1,0,0,0,0,0,0,0,1,0,1,0,0,1,1,0
898,43,920,3,3,1,1255,3,96,1,5,4,19740,18625,3,14,3,2,80,1,25,2,3,8,7,0,7,0,0,1,0,1,0,0,1,0,0,0,0,0,1,0,0,0,0,0,1,0,0,0,0,1,0,1,1,0
295,42,555,26,3,1,404,3,77,3,4,2,13525,14864,5,14,3,4,80,1,23,2,4,20,4,4,8,0,1,0,0,0,1,0,0,1,0,0,0,1,0,0,0,0,0,0,0,0,1,0,0,1,0,1,1,0
608,55,436,2,1,1,842,3,37,3,2,4,5160,21519,4,16,3,3,80,0,12,3,2,9,7,7,3,0,0,1,0,0,1,0,0,0,1,0,0,0,1,0,0,0,0,0,0,0,1,0,0,0,1,1,1,0
175,56,713,8,3,1,241,3,67,3,1,1,4257,13939,4,18,3,3,80,1,19,3,3,2,2,2,2,0,0,1,0,1,0,0,1,0,0,0,0,1,0,0,0,0,0,0,0,1,0,0,1,0,0,1,0,1
970,27,1291,11,3,1,1364,3,98,4,1,4,2534,6527,8,14,3,2,80,1,5,4,3,1,0,0,0,0,0,1,0,0,1,0,0,0,1,0,0,1,0,0,0,0,0,0,0,0,0,1,0,1,0,1,1,0
45,41,1360,12,3,1,58,2,49,3,5,3,19545,16280,1,12,3,4,80,0,23,0,3,22,15,15,8,0,0,1,0,1,0,0,0,0,0,0,1,1,0,0,0,0,0,0,1,0,0,0,0,1,0,1,1,0
487,20,959,1,3,1,657,4,83,2,1,2,2836,11757,1,13,3,4,80,0,1,0,4,1,0,0,0,0,0,1,0,1,0,0,1,0,0,0,0,1,0,0,0,0,0,0,0,1,0,0,0,0,1,1,1,0
1358,31,1079,10,2,1,1912,3,86,3,2,4,6583,20115,2,11,3,4,80,1,8,2,3,5,2,1,4,0,0,1,0,0,1,0,0,0,1,0,0,1,0,0,0,0,0,0,0,0,1,0,1,0,0,1,0,1
55,33,515,1,2,1,73,1,98,3,3,4,13458,15146,1,12,3,3,80,0,15,1,3,15,14,8,12,0,1,0,0,1,0,0,1,0,0,0,0,1,0,0,0,0,0,0,1,0,0,0,0,0,1,1,0,1
657,29,1086,7,1,1,912,1,62,2,1,4,2532,6054,6,14,3,3,80,3,8,5,3,4,3,0,3,0,0,1,0,1,0,0,0,0,1,0,0,1,0,0,0,1,0,0,0,0,0,0,1,0,0,1,1,0
1126,50,264,9,3,1,1591,3,59,3,5,3,19331,19519,4,16,3,3,80,1,27,2,3,1,0,0,0,0,0,1,0,0,1,0,0,1,0,0,0,0,1,0,0,0,1,0,0,0,0,0,0,1,0,1,0,1
254,29,1247,20,2,1,349,4,45,3,2,4,6931,10732,2,14,3,4,80,1,10,2,3,3,2,0,2,0,0,1,0,0,1,0,0,1,0,0,0,0,1,0,0,0,0,0,0,0,1,0,1,0,0,1,1,0
491,43,1001,9,5,1,663,4,72,3,2,3,5679,19627,3,13,3,2,80,1,10,3,3,8,7,4,7,0,1,0,0,1,0,0,0,0,1,0,0,0,1,0,0,1,0,0,0,0,0,0,1,0,0,1,0,1
867,50,1421,2,3,1,1215,4,30,3,4,1,17856,9490,2,22,4,3,80,1,32,3,3,2,2,2,2,0,1,0,0,1,0,0,0,0,1,0,0,1,0,0,0,0,1,0,0,0,0,0,0,1,0,1,1,0
1396,53,1168,24,4,1,1968,1,66,3,3,1,10448,5843,6,13,3,2,80,0,15,2,2,2,2,2,2,0,0,1,0,0,1,0,1,0,0,0,0,0,1,0,0,0,0,0,0,0,1,0,0,0,1,1,0,1
587,52,1325,11,4,1,813,4,82,3,2,3,3149,21821,8,20,4,2,80,1,9,3,3,5,2,1,4,0,0,1,0,1,0,0,1,0,0,0,0,1,0,0,0,1,0,0,0,0,0,0,0,1,0,1,1,0
863,33,147,2,3,1,1207,2,99,3,1,3,3600,8429,1,13,3,4,80,1,5,2,3,5,4,1,4,0,0,1,1,0,0,1,0,0,0,0,0,0,1,0,1,0,0,0,0,0,0,0,0,1,0,1,1,0
536,60,1179,16,4,1,732,1,84,3,2,1,5405,11924,8,14,3,4,80,0,10,1,3,2,2,2,2,0,0,1,0,0,1,0,0,1,0,0,0,0,1,0,0,0,0,0,0,0,1,0,0,0,1,1,1,0
619,33,586,1,3,1,855,1,48,4,2,1,4037,21816,1,22,4,1,80,1,9,5,3,9,8,0,8,0,0,1,0,0,1,0,0,0,1,0,0,0,1,0,0,0,0,0,0,0,1,0,1,0,0,1,1,0
192,35,556,23,2,1,261,2,50,2,2,3,5916,15497,3,13,3,1,80,0,8,1,3,1,0,0,1,0,0,1,0,1,0,0,1,0,0,0,0,0,1,0,0,0,0,1,0,0,0,0,0,1,0,1,0,1
1411,25,309,2,3,1,1987,3,82,3,1,2,2187,19655,4,14,3,3,80,0,6,3,3,2,0,1,2,0,0,1,1,0,0,1,0,0,0,0,0,1,0,0,1,0,0,0,0,0,0,0,0,1,0,1,1,0
1460,29,468,28,4,1,2054,4,73,2,1,1,3785,8489,1,14,3,2,80,0,5,3,1,5,4,0,4,0,0,1,0,1,0,0,0,0,1,0,0,1,0,0,0,0,0,0,0,1,0,0,0,0,1,1,1,0
1273,22,1294,8,1,1,1783,3,79,3,1,1,2398,15999,1,17,3,3,80,0,1,6,3,1,0,0,0,0,0,1,0,1,0,0,0,0,1,0,0,1,0,0,0,1,0,0,0,0,0,0,0,1,0,1,0,1
1425,33,501,15,2,1,2009,2,95,3,2,4,4878,21653,0,13,3,1,80,1,10,6,3,9,7,8,1,0,0,1,0,1,0,0,0,0,1,0,0,1,0,1,0,0,0,0,0,0,0,0,0,1,0,1,0,1
574,34,182,1,4,1,797,2,72,4,1,4,3280,13551,2,16,3,3,80,0,10,2,3,4,2,1,3,0,0,1,0,1,0,0,1,0,0,0,0,1,0,0,0,0,0,0,0,1,0,0,0,0,1,1,1,0
108,25,1280,7,1,1,143,4,64,2,1,4,2889,26897,1,11,3,3,80,2,2,2,3,2,2,2,1,0,0,1,0,1,0,0,0,0,1,0,0,0,1,0,0,0,0,0,0,1,0,0,0,1,0,1,1,0
651,47,249,2,2,1,903,3,35,3,2,4,4537,17783,0,22,4,1,80,1,8,2,3,7,6,7,7,0,0,1,0,0,1,0,0,1,0,0,0,1,0,0,0,0,0,0,0,0,1,0,0,1,0,1,0,1
567,34,304,2,3,1,786,4,60,3,2,4,6274,18686,1,22,4,3,80,0,6,5,3,6,5,1,4,0,0,1,0,0,1,0,0,0,0,1,0,0,1,0,0,0,0,0,0,0,1,0,0,0,1,1,1,0
728,54,1441,17,3,1,1013,3,56,3,3,3,10739,13943,8,11,3,3,80,1,22,2,3,10,7,0,8,0,0,1,0,1,0,0,0,0,0,0,1,1,0,0,0,0,0,1,0,0,0,0,0,1,0,1,1,0
842,28,1485,12,1,1,1175,3,79,3,1,4,2515,22955,1,11,3,4,80,0,1,4,2,1,1,0,0,0,0,1,0,1,0,0,1,0,0,0,0,1,0,0,0,1,0,0,0,0,0,0,0,1,0,1,0,1
426,30,1116,2,3,1,571,3,49,3,1,4,2564,7181,0,14,3,3,80,0,12,2,2,11,7,6,7,1,0,0,0,1,0,0,0,0,1,0,0,1,0,0,0,1,0,0,0,0,0,0,0,0,1,1,1,0
260,32,1311,7,3,1,359,2,100,4,1,2,2794,26062,1,20,4,3,80,0,5,3,1,5,1,0,3,0,1,0,0,1,0,0,1,0,0,0,0,0,1,0,0,1,0,0,0,0,0,0,0,1,0,1,1,0
580,35,384,8,4,1,805,1,72,3,1,4,2572,20317,1,16,3,2,80,1,3,1,2,3,2,0,2,0,0,1,0,0,1,0,1,0,0,0,0,1,0,0,0,0,0,0,0,0,0,1,0,1,0,1,1,0
1021,25,383,9,2,1,1439,1,68,2,1,1,4400,15182,3,12,3,1,80,0,6,2,3,3,2,2,2,0,0,1,0,0,1,0,1,0,0,0,0,0,1,0,0,0,0,0,0,0,0,1,0,1,0,1,1,0
1173,36,711,5,4,1,1651,2,42,3,3,1,8008,22792,4,12,3,3,80,2,9,6,3,3,2,0,2,0,0,1,0,1,0,0,1,0,0,0,0,1,0,1,0,0,0,0,0,0,0,0,0,1,0,1,1,0
572,29,657,27,3,1,793,2,66,3,2,3,4335,25549,4,12,3,1,80,1,11,3,2,8,7,1,1,0,0,1,0,1,0,0,0,0,1,0,0,1,0,1,0,0,0,0,0,0,0,0,0,1,0,1,1,0
679,31,1188,20,2,1,947,4,45,3,2,3,6932,24406,1,13,3,4,80,1,9,2,2,9,8,0,0,1,0,0,0,0,1,0,0,1,0,0,0,1,0,0,0,0,0,0,0,0,1,0,0,1,0,1,1,0
1349,26,482,1,2,1,1893,2,90,2,1,3,2933,14908,1,13,3,3,80,1,1,3,2,1,0,1,0,0,0,1,0,1,0,0,1,0,0,0,0,1,0,0,0,0,0,0,0,1,0,0,0,1,0,1,0,1
233,50,854,1,4,1,323,4,68,3,5,4,19517,24118,3,11,3,3,80,1,32,3,2,7,0,0,6,0,0,1,0,0,1,0,0,0,1,0,0,1,0,0,0,0,1,0,0,0,0,0,1,0,0,1,1,0
303,31,218,7,3,1,416,2,100,4,2,4,6929,12241,4,11,3,2,80,1,10,3,2,8,7,7,7,0,0,1,0,0,1,0,0,0,0,0,1,0,1,0,0,0,0,0,0,0,1,0,0,1,0,1,1,0
506,37,482,3,3,1,689,3,36,3,3,3,9434,9606,1,15,3,3,80,1,10,2,3,10,7,7,8,0,0,1,0,1,0,0,0,0,0,1,0,0,1,0,0,0,0,1,0,0,0,0,0,1,0,1,1,0
364,37,921,10,3,1,486,3,98,3,1,1,3452,17663,6,20,4,2,80,1,17,3,3,5,4,0,3,0,0,1,0,1,0,0,0,0,1,0,0,1,0,0,0,1,0,0,0,0,0,0,0,1,0,1,1,0
1100,35,1402,28,4,1,1554,2,98,2,1,3,2430,26204,0,23,4,1,80,2,6,5,3,5,3,4,2,0,0,1,0,0,1,0,1,0,0,0,0,1,0,0,0,0,0,0,0,0,0,1,0,1,0,1,1,0
27,42,691,8,4,1,35,3,48,3,2,2,6825,21173,0,11,3,4,80,1,10,2,3,9,7,4,2,0,0,1,0,0,1,0,0,1,0,0,0,0,1,0,0,0,0,0,0,0,1,0,0,1,0,1,1,0
1056,28,1496,1,3,1,1486,1,92,3,1,3,2909,15747,3,15,3,4,80,1,5,3,4,3,2,1,2,0,1,0,0,0,1,0,0,0,0,0,1,0,1,0,0,0,0,0,0,0,0,1,0,1,0,1,1,0
317,52,723,8,4,1,433,3,85,2,2,2,4941,17747,2,15,3,1,80,0,11,3,2,8,2,7,7,0,0,1,0,1,0,0,0,0,1,0,0,0,1,0,0,0,0,0,0,1,0,0,0,1,0,1,1,0
471,38,1495,10,3,1,634,3,76,3,2,3,9824,22174,3,19,3,3,80,1,18,4,3,1,0,0,0,0,0,1,0,1,0,0,0,0,1,0,0,1,0,1,0,0,0,0,0,0,0,0,0,1,0,1,1,0
907,44,1099,5,3,1,1267,2,88,3,5,2,18213,8751,7,11,3,3,80,1,26,5,3,22,9,3,10,0,0,1,0,0,1,0,0,1,0,0,0,0,1,0,0,0,1,0,0,0,0,0,0,1,0,1,1,0
202,34,878,10,4,1,277,4,43,3,1,3,3815,5972,1,17,3,4,80,1,5,4,4,5,3,2,0,0,1,0,0,1,0,0,0,0,1,0,0,0,1,0,0,0,0,0,0,1,0,0,1,0,0,1,0,1
1129,42,1059,9,2,1,1595,4,93,2,5,4,19613,26362,8,22,4,4,80,0,24,2,3,1,0,0,1,0,0,1,0,1,0,0,0,0,0,1,0,0,1,0,0,0,1,0,0,0,0,0,0,0,1,1,1,0
1069,28,1423,1,3,1,1506,1,72,2,1,3,1563,12530,1,14,3,4,80,1,1,2,1,1,0,0,0,0,0,1,0,1,0,0,1,0,0,0,0,0,1,0,0,0,0,0,0,1,0,0,1,0,0,1,1,0
1263,42,855,12,3,1,1768,2,57,3,1,2,2766,8952,8,22,4,2,80,3,7,6,2,5,3,0,4,0,0,1,0,1,0,0,0,0,1,0,0,0,1,0,0,1,0,0,0,0,0,0,1,0,0,1,1,0
381,30,202,2,1,1,508,3,72,3,1,2,2476,17434,1,18,3,1,80,1,1,3,3,1,0,0,0,0,0,1,0,0,1,0,0,0,0,0,1,0,1,0,0,0,0,0,0,0,0,1,0,1,0,1,1,0
1137,22,457,26,2,1,1605,2,85,2,1,3,2814,10293,1,14,3,2,80,0,4,2,2,4,2,1,3,1,0,0,0,1,0,0,0,0,0,1,0,1,0,0,0,0,0,0,0,1,0,0,0,1,0,1,0,1
914,55,177,8,1,1,1278,4,37,2,4,2,13577,25592,1,15,3,4,80,1,34,3,3,33,9,15,0,1,0,0,0,1,0,0,0,0,1,0,0,0,1,1,0,0,0,0,0,0,0,0,1,0,0,1,0,1
634,25,141,3,1,1,879,3,98,3,2,1,4194,14363,1,18,3,4,80,0,5,3,3,5,3,0,3,0,0,1,0,0,1,0,0,0,0,1,0,0,1,0,0,0,0,0,0,0,1,0,0,1,0,1,0,1
184,53,1084,13,2,1,250,4,57,4,2,1,4450,26250,1,11,3,3,80,2,5,3,3,4,2,1,3,0,0,1,0,1,0,0,0,0,1,0,0,1,0,0,0,0,0,1,0,0,0,0,1,0,0,1,1,0
431,54,548,8,4,1,578,3,42,3,2,3,3780,23428,7,11,3,3,80,0,19,3,3,1,0,0,0,0,0,1,0,1,0,0,1,0,0,0,0,1,0,0,0,1,0,0,0,0,0,0,0,0,1,1,1,0
1413,25,977,2,1,1,1992,4,57,3,1,3,3977,7298,6,19,3,3,80,1,7,2,2,2,2,0,2,0,0,1,0,1,0,0,0,0,0,1,0,0,1,0,0,1,0,0,0,0,0,0,1,0,0,1,0,1
1438,23,638,9,3,1,2023,4,33,3,1,1,1790,26956,1,19,3,1,80,1,1,3,2,1,0,1,0,0,1,0,0,0,1,0,0,1,0,0,0,0,1,0,0,0,0,0,0,0,0,1,0,1,0,1,1,0
1361,26,1096,6,3,1,1918,3,61,4,1,4,2544,7102,0,18,3,1,80,1,8,3,3,7,7,7,7,0,1,0,0,1,0,0,0,0,0,1,0,0,1,0,0,1,0,0,0,0,0,0,0,1,0,1,1,0
326,39,672,7,2,1,444,3,54,2,5,4,19272,21141,1,15,3,1,80,1,21,2,3,21,9,13,3,0,1,0,0,1,0,0,0,0,1,0,0,0,1,0,0,0,1,0,0,0,0,0,0,1,0,1,1,0
19,38,371,2,3,1,24,4,45,3,1,4,3944,4306,5,11,3,3,80,0,6,3,3,3,2,1,2,0,0,1,0,1,0,0,1,0,0,0,0,0,1,0,0,0,0,0,0,1,0,0,0,0,1,1,0,1
726,31,853,1,1,1,1011,3,96,3,2,1,4148,11275,1,12,3,3,80,1,4,1,3,4,3,0,3,0,1,0,0,1,0,0,1,0,0,0,0,1,0,0,0,0,0,1,0,0,0,0,0,1,0,1,1,0
330,43,559,10,4,1,448,3,82,2,2,3,5257,6227,1,11,3,2,80,1,9,3,4,9,7,0,0,0,1,0,0,1,0,0,1,0,0,0,0,1,0,0,0,1,0,0,0,0,0,0,1,0,0,1,1,0
353,37,1319,6,3,1,474,3,51,4,2,1,5974,17001,4,13,3,1,80,2,13,2,3,7,7,6,7,0,0,1,0,1,0,0,0,0,1,0,0,0,1,0,0,0,0,0,0,1,0,0,1,0,0,1,0,1
1074,33,516,8,5,1,1515,4,69,3,2,3,6388,22049,2,17,3,1,80,0,14,6,3,0,0,0,0,0,0,1,0,1,0,0,1,0,0,0,0,0,1,1,0,0,0,0,0,0,0,0,0,0,1,1,0,1
1360,31,471,4,3,1,1916,1,62,4,1,3,3978,16031,8,12,3,2,80,1,4,0,2,2,2,2,2,0,0,1,0,1,0,0,0,0,1,0,0,1,0,0,0,1,0,0,0,0,0,0,1,0,0,1,1,0
412,46,1485,18,3,1,550,3,87,3,2,3,4810,26314,2,14,3,3,80,1,19,5,2,10,7,0,8,0,0,1,0,1,0,0,0,0,1,0,0,1,0,0,0,0,0,1,0,0,0,0,1,0,0,1,1,0
1149,27,1302,19,3,1,1619,4,67,2,1,1,4066,16290,1,11,3,1,80,2,7,3,3,7,7,0,7,0,0,1,0,1,0,0,0,0,0,1,0,0,1,0,0,1,0,0,0,0,0,0,1,0,0,1,1,0
649,53,102,23,4,1,901,4,72,3,4,4,14275,20206,6,18,3,3,80,0,33,0,3,12,9,3,8,0,0,1,0,1,0,0,1,0,0,0,0,1,0,0,0,0,0,0,1,0,0,0,0,0,1,1,1,0
1279,44,429,1,2,1,1792,3,99,3,1,2,2342,11092,1,12,3,3,80,3,6,2,2,5,3,2,3,0,1,0,0,1,0,0,0,0,1,0,0,0,1,0,0,0,0,0,0,1,0,0,1,0,0,1,0,1
638,25,583,4,1,1,885,3,87,2,2,1,4256,18154,1,12,3,1,80,0,5,1,4,5,2,0,3,0,0,1,0,0,1,0,0,1,0,0,0,0,1,0,0,0,0,0,0,0,1,0,0,1,0,1,1,0
18,53,1219,2,4,1,23,1,78,2,4,4,15427,22021,2,16,3,3,80,0,31,3,3,25,8,3,7,0,0,1,0,0,1,0,1,0,0,0,0,1,0,0,0,0,1,0,0,0,0,0,0,1,0,1,1,0
500,32,646,9,4,1,679,1,92,3,2,4,6322,18089,1,12,3,4,80,1,6,2,2,6,4,0,5,0,0,1,0,1,0,0,1,0,0,0,0,1,0,0,0,0,0,0,0,1,0,0,0,1,0,1,0,1
1099,45,538,1,4,1,1553,1,66,3,3,2,7441,20933,1,12,3,1,80,3,10,4,3,10,8,7,7,0,0,1,0,1,0,0,0,0,0,0,1,0,1,1,0,0,0,0,0,0,0,0,1,0,0,1,1,0
1075,32,495,10,3,1,1516,3,64,3,3,4,11244,21072,2,25,4,2,80,0,10,5,4,5,2,0,0,0,0,1,0,1,0,0,0,0,1,0,0,0,1,0,0,0,1,0,0,0,0,0,0,0,1,1,1,0
53,35,1097,11,2,1,70,3,79,2,3,1,9884,8302,2,13,3,3,80,1,10,3,3,4,0,2,3,1,0,0,0,1,0,0,0,0,1,0,0,0,1,1,0,0,0,0,0,0,0,0,0,1,0,1,0,1
632,42,1271,2,1,1,875,2,35,3,1,4,2515,9068,5,14,3,4,80,0,8,2,3,2,1,2,2,0,1,0,0,1,0,0,0,0,1,0,0,0,1,0,0,0,0,0,0,1,0,0,0,0,1,1,0,1
874,30,853,7,4,1,1224,3,49,3,2,3,3491,11309,1,13,3,1,80,3,10,4,2,10,7,8,9,0,0,1,0,1,0,0,1,0,0,0,0,0,1,0,0,1,0,0,0,0,0,0,1,0,0,1,1,0
342,31,1232,7,4,1,462,3,39,3,3,4,7143,25713,1,14,3,3,80,0,11,2,2,11,9,4,10,0,0,1,0,1,0,0,0,0,1,0,0,1,0,0,0,0,0,1,0,0,0,0,0,0,1,1,0,1
47,37,408,19,2,1,61,2,73,3,1,2,3022,10227,4,21,4,1,80,0,8,1,3,1,0,0,0,0,0,1,0,1,0,0,1,0,0,0,0,0,1,0,0,0,0,0,0,1,0,0,0,1,0,1,1,0
459,41,509,2,4,1,616,1,62,2,2,3,6811,2112,2,17,3,1,80,0,10,3,3,8,7,0,7,1,0,0,0,1,0,0,0,0,0,1,0,1,0,1,0,0,0,0,0,0,0,0,0,0,1,1,0,1
748,26,265,29,2,1,1037,2,79,1,2,1,4969,21813,8,18,3,4,80,0,7,6,3,2,2,2,2,1,0,0,0,0,1,0,0,0,1,0,0,0,1,0,0,0,0,0,0,0,1,0,0,0,1,1,1,0
609,43,589,14,2,1,843,2,94,3,4,1,17159,5200,6,24,4,3,80,1,22,3,3,4,1,1,0,0,0,1,0,1,0,0,1,0,0,0,0,0,1,0,0,0,0,0,1,0,0,0,0,1,0,1,1,0
989,37,1439,4,1,1,1394,3,54,3,1,3,2996,5182,7,15,3,4,80,0,8,2,3,6,4,1,3,0,0,1,0,1,0,0,1,0,0,0,0,0,1,0,0,0,0,0,0,1,0,0,0,1,0,1,0,1
1038,48,1221,7,3,1,1466,3,96,3,2,1,5486,24795,4,11,3,1,80,3,15,3,3,2,2,2,2,0,0,1,0,0,1,0,0,1,0,0,0,0,1,0,0,0,0,0,0,0,1,0,1,0,0,1,1,0
473,49,1245,18,4,1,638,4,58,2,5,3,19502,2125,1,17,3,3,80,1,31,5,3,31,9,0,9,0,0,1,0,1,0,0,1,0,0,0,0,0,1,0,0,0,0,0,1,0,0,0,1,0,0,1,0,1
711,29,906,10,3,1,994,4,92,2,1,1,2404,11479,6,20,4,3,80,0,3,5,3,0,0,0,0,0,0,1,0,1,0,0,1,0,0,0,0,1,0,0,0,0,0,0,0,1,0,0,0,0,1,1,0,1
717,27,1134,16,4,1,1001,3,37,3,1,2,2811,12086,9,14,3,2,80,1,4,2,3,2,2,2,2,0,0,1,0,1,0,0,0,0,0,0,1,1,0,0,0,1,0,0,0,0,0,0,0,1,0,1,1,0
140,32,1033,9,3,1,190,1,41,3,1,1,4200,10224,7,22,4,1,80,0,10,2,4,5,4,0,4,0,0,1,0,1,0,0,0,0,1,0,0,1,0,0,0,1,0,0,0,0,0,0,0,0,1,1,1,0
1123,35,670,10,4,1,1587,1,51,3,2,3,6142,4223,3,16,3,3,80,0,10,4,3,5,2,0,4,0,0,1,0,1,0,0,0,0,1,0,0,1,0,1,0,0,0,0,0,0,0,0,0,0,1,1,0,1
39,33,1141,1,3,1,52,3,42,4,2,1,5376,3193,2,19,3,1,80,2,10,3,3,5,3,1,3,0,1,0,0,0,1,0,1,0,0,0,0,1,0,0,0,0,0,0,0,0,1,0,0,1,0,1,1,0
1368,34,735,22,4,1,1932,3,86,2,2,4,5747,26496,1,15,3,2,80,0,16,3,3,15,10,6,11,0,1,0,0,1,0,0,0,0,0,1,0,0,1,0,0,0,0,0,0,1,0,0,0,1,0,1,0,1
1026,32,601,7,5,1,1446,4,97,3,2,4,9204,23343,4,12,3,3,80,1,7,3,2,4,3,0,3,0,0,1,0,0,1,0,0,1,0,0,0,0,1,0,0,0,0,0,0,0,1,0,0,1,0,1,1,0
322,32,1018,2,4,1,439,1,74,4,2,4,5055,10557,7,16,3,3,80,0,10,0,2,7,7,0,7,0,0,1,0,1,0,0,0,0,1,0,0,1,0,0,0,0,0,0,0,1,0,0,0,0,1,1,1,0
742,50,804,9,3,1,1030,1,64,3,1,4,2380,20165,4,18,3,2,80,0,8,5,3,1,0,0,0,0,0,1,0,1,0,0,1,0,0,0,0,0,1,0,0,1,0,0,0,0,0,0,0,1,0,1,1,0
935,32,604,8,3,1,1304,3,56,4,2,4,6209,11693,1,15,3,3,80,2,10,4,4,10,7,0,8,0,0,1,0,0,1,0,0,0,1,0,0,0,1,0,0,0,0,0,0,0,1,0,0,1,0,1,1,0
479,24,1287,7,3,1,647,1,55,3,1,3,2886,14168,1,16,3,4,80,1,6,4,3,6,3,1,2,0,1,0,0,1,0,0,1,0,0,0,0,1,0,0,0,1,0,0,0,0,0,0,0,1,0,1,0,1
1236,36,1456,13,5,1,1733,2,96,2,2,1,6134,8658,5,13,3,2,80,3,16,3,3,2,2,2,2,0,0,1,0,0,1,0,0,1,0,0,0,0,1,0,0,0,0,0,0,0,1,0,1,0,0,1,0,1
1079,39,1089,6,3,1,1525,2,32,3,3,2,8376,9150,4,18,3,4,80,0,9,3,3,2,0,2,2,0,0,1,0,1,0,0,1,0,0,0,0,1,0,0,0,0,0,1,0,0,0,0,0,0,1,1,1,0
461,35,195,1,3,1,620,1,80,3,2,3,4859,6698,1,16,3,4,80,0,5,3,3,5,4,0,3,0,0,1,0,0,1,0,0,0,1,0,0,1,0,0,0,0,0,0,0,0,1,0,0,0,1,1,1,0
58,31,655,7,4,1,76,4,48,3,2,4,5915,9528,3,22,4,4,80,1,10,3,2,7,7,1,7,0,0,1,0,1,0,0,1,0,0,0,0,0,1,0,0,1,0,0,0,0,0,0,1,0,0,1,1,0
241,32,976,26,4,1,333,3,100,3,2,4,4465,12069,0,18,3,1,80,0,4,2,3,3,2,2,2,1,0,0,0,0,1,0,0,1,0,0,0,0,1,0,0,0,0,0,0,0,1,0,0,1,0,1,1,0
1103,48,492,16,4,1,1557,3,96,3,2,3,6439,13693,8,14,3,3,80,1,18,2,3,8,7,7,7,0,0,1,0,0,1,0,1,0,0,0,0,1,0,0,0,0,0,0,0,0,1,0,1,0,0,1,1,0
783,41,509,7,2,1,1085,2,43,4,1,3,3376,18863,1,13,3,3,80,0,10,3,3,10,6,0,8,0,0,1,0,1,0,0,0,0,0,0,1,1,0,0,0,0,0,0,0,1,0,0,0,1,0,1,1,0
1399,43,574,11,3,1,1971,1,30,3,3,3,7510,16873,1,17,3,2,80,1,10,1,3,10,9,0,9,0,0,1,0,1,0,0,1,0,0,0,0,0,1,1,0,0,0,0,0,0,0,0,0,1,0,1,1,0
56,35,853,18,5,1,74,2,71,3,3,1,9069,11031,1,22,4,4,80,1,9,3,2,9,8,1,8,0,1,0,0,0,1,0,1,0,0,0,0,0,1,0,0,0,0,0,0,0,1,0,0,1,0,1,1,0
665,47,1454,2,4,1,925,4,65,2,1,4,3294,13137,1,18,3,1,80,0,3,3,2,3,2,1,2,0,0,1,0,0,1,0,1,0,0,0,0,1,0,0,0,0,0,0,0,0,0,1,0,0,1,1,0,1
575,54,376,19,4,1,799,4,95,3,2,1,5485,22670,9,11,3,2,80,2,9,4,3,5,3,1,4,0,0,1,0,1,0,0,0,0,1,0,0,1,0,0,0,0,0,1,0,0,0,0,1,0,0,1,0,1
505,26,991,6,3,1,686,3,71,3,1,4,2659,17759,1,13,3,3,80,1,3,2,3,3,2,0,2,0,0,1,0,1,0,0,1,0,0,0,0,1,0,0,0,1,0,0,0,0,0,0,0,1,0,1,0,1
443,22,1368,4,1,1,593,3,99,2,1,3,3894,9129,5,16,3,3,80,0,4,3,3,2,2,1,2,0,1,0,0,1,0,0,0,0,0,0,1,0,1,0,0,1,0,0,0,0,0,0,0,0,1,1,1,0
1283,28,1181,1,3,1,1799,3,82,3,1,4,2044,5531,1,11,3,3,80,1,5,6,4,5,3,0,3,0,0,1,0,1,0,0,1,0,0,0,0,0,1,0,0,0,0,0,0,1,0,0,0,1,0,1,1,0
516,23,885,4,3,1,705,1,58,4,1,1,2819,8544,2,16,3,1,80,1,5,3,4,3,2,0,2,0,0,1,0,1,0,0,0,0,1,0,0,0,1,0,0,0,0,0,0,1,0,0,0,1,0,1,1,0
29,46,705,2,4,1,38,2,83,3,5,1,18947,22822,3,12,3,4,80,0,22,2,2,2,2,2,1,0,0,1,0,0,1,0,0,1,0,0,0,1,0,0,0,0,1,0,0,0,0,0,0,0,1,1,1,0
270,55,452,1,3,1,374,4,81,3,5,1,19045,18938,0,14,3,3,80,0,37,2,3,36,10,4,13,0,0,1,0,1,0,0,0,0,1,0,0,0,1,0,0,0,1,0,0,0,0,0,0,0,1,1,0,1
924,35,735,6,1,1,1291,3,66,3,1,3,3506,6020,0,14,3,4,80,0,4,3,3,3,2,2,2,0,0,1,0,1,0,0,1,0,0,0,0,0,1,0,0,0,0,0,0,1,0,0,0,1,0,1,0,1
1288,35,1180,2,2,1,1804,2,90,3,2,4,5762,24442,2,14,3,3,80,1,15,6,3,7,7,1,7,1,0,0,0,1,0,0,0,0,1,0,0,0,1,0,0,0,0,1,0,0,0,0,1,0,0,1,1,0
985,31,330,22,4,1,1389,4,98,3,2,3,6179,21057,1,15,3,4,80,2,10,3,2,10,2,6,7,0,0,1,0,1,0,0,0,0,1,0,0,0,1,0,0,0,0,1,0,0,0,0,0,1,0,1,0,1
1327,46,1319,3,3,1,1863,1,45,4,4,1,13225,7739,2,12,3,4,80,1,25,5,3,19,17,2,8,0,0,1,0,0,1,0,0,0,0,0,1,1,0,0,0,0,0,0,0,0,1,0,1,0,0,1,1,0
1439,36,557,3,3,1,2024,1,94,2,3,4,7644,12695,0,19,3,3,80,2,10,2,3,9,7,3,4,0,0,1,0,0,1,0,0,0,1,0,0,1,0,0,0,0,0,0,0,0,1,0,0,1,0,1,1,0
481,34,254,1,2,1,649,2,83,2,1,4,3622,22794,1,13,3,4,80,1,6,3,3,6,5,1,3,0,0,1,0,1,0,0,1,0,0,0,0,0,1,0,0,0,0,0,0,1,0,0,0,1,0,1,0,1
124,31,249,6,4,1,163,2,76,1,2,3,6172,20739,4,18,3,2,80,0,12,3,2,7,7,7,7,0,0,1,0,0,1,0,1,0,0,0,0,0,1,0,0,0,0,0,0,0,1,0,0,1,0,1,0,1
198,38,1261,2,4,1,271,4,88,3,2,3,6553,7259,9,14,3,2,80,0,14,3,3,1,0,0,0,0,0,1,0,1,0,0,1,0,0,0,0,0,1,0,0,0,0,1,0,0,0,0,0,1,0,1,1,0
1229,40,369,8,2,1,1724,2,92,3,2,1,6516,5041,2,16,3,2,80,1,18,3,3,1,0,0,0,0,0,1,0,1,0,0,1,0,0,0,0,1,0,0,0,0,0,1,0,0,0,0,0,1,0,1,0,1
